{"success":true,"data":{"10":"ALFA ROMEO","73":"ASTON MARTIN","11":"AUDI","31":"AUSTIN","94":"BENTLEY","95":"BERTONE","13":"BMW","92":"BMW-ALPINA","24":"CADILLAC","74":"CATERHAM","25":"CHEVROLET","54":"CHRYSLER","14":"CITROEN","228":"DACIA","16":"DAIHATSU","99":"DAIMLER","68":"DE TOMASO","240":"DS AUTOMOBILES","65":"FERRARI","17":"FIAT","21":"FORD","22":"FORD (USA)","28":"HONDA","34":"HYUNDAI","230":"INFINITI","32":"INNOCENTI","53":"ISUZU (GM)","33":"JAGUAR","59":"JEEP","88":"KIA","29":"LADA","66":"LAMBORGHINI","187":"LAND ROVER","61":"LEXUS","77":"LOTUS","55":"MASERATI","37":"MAZDA","236":"McLAREN","38":"MERCEDES-BENZ","18":"MG","67":"MINI","39":"MITSUBISHI","84":"MORGAN","40":"NISSAN","41":"OPEL","42":"PEUGEOT","27":"PONTIAC","43":"PORSCHE","44":"RENAULT","80":"ROLLS-ROYCE","19":"SEAT","239":"SECMA","46":"SKODA","216":"SMART","115":"SSANG YONG","47":"SUBARU","48":"SUZUKI","238":"TAZZARI","234":"TESLA","50":"TOYOTA","82":"VENTURI","51":"VOLVO","52":"VW","219":"WIESMANN"}}