{"success":true,"data":{"2097":"A1\/S1 Modell 2010-","2298":"A1\/S1 SPORTBACK Modell 2010-","2714":"A1\/S1 Modell 2015-","2715":"A1\/S1 SPORTBACK Modell 2015-","3311":"A1 SPORTBACK Modell 2019-","1138":"A2","776":"A3 ATTRACTION Modell 1996-","777":"A3 AMBITION Modell 1996-","778":"A3 AMBIENTE Modell 1996-","1022":"S3 Modell 1999-","1349":"A3 ATTRACTION Mod. 2003-","1359":"A3 AMBITION Mod. 2003-","1360":"A3 AMBIENTE Mod. 2003-","1496":"A3 SPORTBACK ATTRACTION Mod. 2004-","1502":"A3 SPORTBACK AMBITION Mod. 2004-","1503":"A3 SPORTBACK AMBIENTE Mod. 2004-","1885":"A3 CABRIOLET Mod. 2008-","1431":"S3 Modell 2007-","1922":"A3 BENZIN Modell 2008-","1923":"A3 DIESEL Modell 2008-","1925":"A3 SPORTBACK BENZIN Mod. 2008-","1926":"A3 SPORTBACK DIESEL Mod. 2008-","1927":"S3\/RS3 Modell 2008-","2326":"A3 BENZIN Modell 2013-","2327":"A3 DIESEL Modell 2013-","2423":"A3 SPORTBACK BENZIN Modell 2013-","2424":"A3 SPORTBACK DIESEL Modell 2013-","2535":"A3 SEDAN Modell 2014-","2586":"A3 CABRIOLET Mod. 2014-","2428":"S3\/RS3 Modell 2013-","2883":"A3 BENZIN Modell 2017-","2884":"A3 DIESEL Modell 2017-","2886":"A3 SPORTBACK BENZIN Modell 2017-","2887":"A3 SPORTBACK DIESEL Modell 2017-","2928":"A3 SEDAN BENZIN Modell 2017-","2929":"A3 SEDAN DIESEL Modell 2017-","2930":"A3 CABRIOLET BENZIN Modell 2017-","2931":"A3 CABRIOLET DIESEL Modell 2017-","2888":"S3\/RS3 Modell 2017-","950":"TT Modell 1998-","1703":"TT Modell 2006-","2615":"TT Modell 2014-","3342":"TT Modell 2019-","14":"80 Modell 1979-","15":"90 Modell 1983-","16":"COUPE Modell 1981-","17":"80 Modell 1987-","490":"80 Modell 1992-","18":"80 Avant Modell 92-","19":"90 Modell 1987-","20":"COUPE\/CABRIOLET","877":"A4 Modell B5","602":"A4 AMBITION Modell B5","873":"A4 AMBIENTE Modell B5","874":"A4 ADVANCE Modell B5","878":"A4 Avant Modell B5","734":"A4 Avant AMBITION Mod. B5","875":"A4 Avant AMBIENTE Mod. B5","876":"A4 Avant ADVANCE Mod. B5","995":"A4 AMBITION Modell 1999-","997":"A4 AMBIENTE Modell 1999-","998":"A4 ADVANCE Modell 1999-","999":"A4 Avant AMBITION Modell 1999-","1000":"A4 Avant AMBIENTE Modell 1999-","1001":"A4 Avant ADVANCE Modell 1999-","890":"S4\/RS4 Modell B5","1184":"A4 Modell 2001-","1237":"A4 AVANT Modell 2002-","1264":"A4 CABRIOLET Modell 2002-","1322":"S4 Modell 2003-","1526":"A4 Modell 2005-","1536":"A4 AVANT Modell 2005-","1646":"A4 CABRIOLET Modell 2006-","1528":"S4\/RS4 Modell 2005-","1841":"A4 Modell 2008-","1886":"A4 AVANT Modell 2008-","1977":"S4 Modell 2009-","1999":"A4 ALLROAD Modell 2009-","2302":"A4 Modell 2013-","2303":"A4 AVANT Modell 2013-","2304":"S4\/RS4 Modell 2013-","2305":"A4 ALLROAD Modell 2013-","2815":"A4 BENZIN Modell 2016-","2816":"A4 DIESEL Modell 2016-","2817":"A4 AVANT BENZIN Modell 2016-","2820":"A4 AVANT DIESEL Modell 2016-","2907":"S4\/RS4 Modell 2016-","2852":"A4 ALLROAD Modell 2016-","3326":"A4 BENZIN Modell 2019-","3327":"A4 DIESEL Modell 2019-","3328":"A4 AVANT BENZIN Modell 2019-","3329":"A4 AVANT DIESEL Modell 2019-","3384":"S4 Modell 2019-","3424":"A4 BENZIN Modell 2020-","3425":"A4 DIESEL Modell 2020-","3420":"A4 AVANT BENZIN Modell 2020-","3421":"A4 AVANT DIESEL Modell 2020-","3423":"S4 Modell 2020-","3422":"A4 ALLROAD Modell 2020-","2042":"A5 SPORTBACK Modell 2010-","1777":"A5 COUPE Modell 2007-","2000":"A5 CABRIOLET Modell 2009-","1796":"S5\/RS5 Modell 2007-","2937":"A5 SPORTBACK BENZIN Modell 2017-","2966":"A5 SPORTBACK DIESEL Modell 2017-","2925":"A5 COUPE BENZIN Modell 2017-","2967":"A5 COUPE DIESEL Modell 2017-","2978":"A5 CABRIOLET BENZIN Modell 2017-","2979":"A5 CABRIOLET DIESEL Modell 2017-","2926":"S5\/RS5 Modell 2017-","21":"100 Modell 44","22":"100 Avant Modell 44","23":"100 Modell C4","24":"100 Avant Modell C4","547":"A6 Modell C4","548":"A6 Avant Modell C4","549":"S6 Modell C4","845":"A6 AMBITION Modell C5","854":"A6 AMBIENTE Modell C5","855":"A6 ADVANCE Modell C5","908":"A6 Avant AMBITION Modell C5","906":"A6 Avant AMBIENTE Modell C5","907":"A6 Avant ADVANCE Modell C5","1074":"S6 Modell C5","1223":"A6 Modell 2002-","1226":"A6 Avant Modell 2002-","1224":"S6\/RS6 Modell 2002-","1139":"A6 ALLROAD Modell 2000-","1454":"A6 Modell 2004-","1537":"A6 Avant Modell 2005-","1657":"S6\/RS6 Modell 2006-","1656":"A6 ALLROAD Modell 2006-","1962":"A6 Modell 2009-","1960":"A6 Avant Modell 2009-","1961":"S6\/RS6 Modell 2009-","1959":"A6 ALLROAD Modell 2009-","2215":"A6 Modell 2011-","2265":"A6 Avant Modell 2012-","2324":"S6\/RS6 Modell 2012-","2325":"A6 ALLROAD Modell 2012-","2691":"A6 Modell 2015-","2687":"A6 AVANT Modell 2015-","2692":"S6\/RS6 Modell 2015-","2690":"A6 ALLROAD Modell 2015-","3344":"A6 BENZIN Modell 2018-","3201":"A6 DIESEL Modell 2018-","3341":"A6 AVANT BENZIN Modell 2019-","3213":"A6 AVANT DIESEL Modell 2019-","3378":"S6 Modell 2019-","3426":"A6 ALLROAD Modell 2019-","2155":"A7\/S7\/RS7 SPORTBACKModell 2011-","3172":"A7\/S7 SPORTBACKModell 2018-","25":"200","26":"QUATTRO Turbo","27":"V8","535":"A8\/S8 Modell 1994-","1314":"A8\/S8 Modell 2003-","2085":"A8\/S8 Modell 2010-","3152":"A8 Modell 2017-","1742":"R8 Modell 2007-","2720":"R8 Modell 2015-","3367":"R8 Modell 2019-","2906":"Q2\/SQ2","2264":"Q3\/RS Q3 Modell 2011-","3333":"Q3 BENZIN Modell 2019-","3334":"Q3 DIESEL Modell 2019-","3419":"Q3 SPORTBACK","1932":"Q5\/SQ5 Modell 2008-","2976":"Q5\/SQ5 Modell 2016-","3314":"e-tron","1640":"Q7 Modell 2006-","2721":"Q7 Modell 2015-","3268":"Q8\/SQ8 Modell 2018-"}}