{"success":true,"data":[{"Brand":"AUDI","VehicleType":"Personenwagen","Model":"A3 BENZIN Modell 2008-","Type":"A3 2.0 TFSI Ambition qu","NationalVehicleCode":102178448,"InternationalVehicleCode":"10011023071","ManufacturerCode":"8P1BDL","BodyType":"Lim","BodyTypeEx":"Limousine","DoorsNumber":3,"WheelDrive":"4WD perm","NumberOfGears":6,"GearBox":"M-autom.","Fuel":"Benzin","Layout":"R","PowerKw":147,"PowerHp":200,"Displacement":1984,"DisplacementUnit":"ccm","CylindersNumber":4,"ValvesPerCylinder":4,"RoundedDisplacement":null,"SeatsNumber":5,"TotalWeight":1975,"TotalWeightUnit":"kg","Wheelbase":2578,"WheelbaseUnit":"mm","Wheelbase2":0,"Wheelbase2Unit":"mm","ManufacturerProductID":"8P1BDL","TaxHorsePower":10.1,"TaxHorsePowerUnit":"HP","CurbWeight":1490,"CurbWeightUnit":"kg","PayLoad":"kg","PayLoadUnit":485,"FactoryPrice":44920,"FirstRegistration":null,"ModelNumber":"1AC462","ProductionPeriod":"06\/2008 - 10\/2012","MarketSegment":"Untere Mk"},{"Brand":"AUDI","VehicleType":"Personenwagen","Model":"A3 SPORTBACK BENZIN Mod. 2008-","Type":"A3 2.0 TFSI Ambition qu","NationalVehicleCode":102178477,"InternationalVehicleCode":"13011024056","ManufacturerCode":"8PABDL","BodyType":"Lim","BodyTypeEx":"Limousine","DoorsNumber":5,"WheelDrive":"4WD perm","NumberOfGears":6,"GearBox":"M-autom.","Fuel":"Benzin","Layout":"R","PowerKw":147,"PowerHp":200,"Displacement":1984,"DisplacementUnit":"ccm","CylindersNumber":4,"ValvesPerCylinder":4,"RoundedDisplacement":null,"SeatsNumber":5,"TotalWeight":2015,"TotalWeightUnit":"kg","Wheelbase":2578,"WheelbaseUnit":"mm","Wheelbase2":0,"Wheelbase2Unit":"mm","ManufacturerProductID":"8PABDL","TaxHorsePower":10.1,"TaxHorsePowerUnit":"HP","CurbWeight":1530,"CurbWeightUnit":"kg","PayLoad":"kg","PayLoadUnit":485,"FactoryPrice":46220,"FirstRegistration":null,"ModelNumber":"1AC462","ProductionPeriod":"06\/2008 - 03\/2013","MarketSegment":"Untere Mk"},{"Brand":"AUDI","VehicleType":"Personenwagen","Model":"A3 BENZIN Modell 2008-","Type":"A3 2.0 TFSI Ambiente qu","NationalVehicleCode":102178516,"InternationalVehicleCode":"10011023141","ManufacturerCode":"8P1CDL","BodyType":"Lim","BodyTypeEx":"Limousine","DoorsNumber":3,"WheelDrive":"4WD perm","NumberOfGears":6,"GearBox":"M-autom.","Fuel":"Benzin","Layout":"R","PowerKw":147,"PowerHp":200,"Displacement":1984,"DisplacementUnit":"ccm","CylindersNumber":4,"ValvesPerCylinder":4,"RoundedDisplacement":null,"SeatsNumber":5,"TotalWeight":1975,"TotalWeightUnit":"kg","Wheelbase":2578,"WheelbaseUnit":"mm","Wheelbase2":0,"Wheelbase2Unit":"mm","ManufacturerProductID":"8P1CDL","TaxHorsePower":10.1,"TaxHorsePowerUnit":"HP","CurbWeight":1490,"CurbWeightUnit":"kg","PayLoad":"kg","PayLoadUnit":485,"FactoryPrice":44850,"FirstRegistration":null,"ModelNumber":"1AC462","ProductionPeriod":"06\/2008 - 10\/2012","MarketSegment":"Untere Mk"},{"Brand":"AUDI","VehicleType":"Personenwagen","Model":"A3 SPORTBACK BENZIN Mod. 2008-","Type":"A3 2.0 TFSI Ambiente qu","NationalVehicleCode":102178531,"InternationalVehicleCode":"13011024136","ManufacturerCode":"8PACDL","BodyType":"Lim","BodyTypeEx":"Limousine","DoorsNumber":5,"WheelDrive":"4WD perm","NumberOfGears":6,"GearBox":"M-autom.","Fuel":"Benzin","Layout":"R","PowerKw":147,"PowerHp":200,"Displacement":1984,"DisplacementUnit":"ccm","CylindersNumber":4,"ValvesPerCylinder":4,"RoundedDisplacement":null,"SeatsNumber":5,"TotalWeight":2015,"TotalWeightUnit":"kg","Wheelbase":2578,"WheelbaseUnit":"mm","Wheelbase2":0,"Wheelbase2Unit":"mm","ManufacturerProductID":"8PACDL","TaxHorsePower":10.1,"TaxHorsePowerUnit":"HP","CurbWeight":1530,"CurbWeightUnit":"kg","PayLoad":"kg","PayLoadUnit":485,"FactoryPrice":46150,"FirstRegistration":null,"ModelNumber":"1AC462","ProductionPeriod":"06\/2008 - 03\/2013","MarketSegment":"Untere Mk"},{"Brand":"AUDI","VehicleType":"Personenwagen","Model":"A3 BENZIN Modell 2008-","Type":"A3 2.0 TFSI Style qu","NationalVehicleCode":102180452,"InternationalVehicleCode":"10011023238","ManufacturerCode":"8P1BDLSY","BodyType":"Lim","BodyTypeEx":"Limousine","DoorsNumber":3,"WheelDrive":"4WD perm","NumberOfGears":6,"GearBox":"M-autom.","Fuel":"Benzin","Layout":"R","PowerKw":147,"PowerHp":200,"Displacement":1984,"DisplacementUnit":"ccm","CylindersNumber":4,"ValvesPerCylinder":4,"RoundedDisplacement":null,"SeatsNumber":5,"TotalWeight":1975,"TotalWeightUnit":"kg","Wheelbase":2578,"WheelbaseUnit":"mm","Wheelbase2":0,"Wheelbase2Unit":"mm","ManufacturerProductID":"8P1BDLSY","TaxHorsePower":10.1,"TaxHorsePowerUnit":"HP","CurbWeight":1490,"CurbWeightUnit":"kg","PayLoad":"kg","PayLoadUnit":485,"FactoryPrice":55620,"FirstRegistration":null,"ModelNumber":"1AC462","ProductionPeriod":"01\/2009 - 12\/2011","MarketSegment":"Untere Mk"},{"Brand":"AUDI","VehicleType":"Personenwagen","Model":"A3 SPORTBACK BENZIN Mod. 2008-","Type":"A3 2.0 TFSI Style qu","NationalVehicleCode":102180455,"InternationalVehicleCode":"13011024237","ManufacturerCode":"8PABDLSY","BodyType":"Lim","BodyTypeEx":"Limousine","DoorsNumber":5,"WheelDrive":"4WD perm","NumberOfGears":6,"GearBox":"M-autom.","Fuel":"Benzin","Layout":"R","PowerKw":147,"PowerHp":200,"Displacement":1984,"DisplacementUnit":"ccm","CylindersNumber":4,"ValvesPerCylinder":4,"RoundedDisplacement":null,"SeatsNumber":5,"TotalWeight":2015,"TotalWeightUnit":"kg","Wheelbase":2578,"WheelbaseUnit":"mm","Wheelbase2":0,"Wheelbase2Unit":"mm","ManufacturerProductID":"8PABDLSY","TaxHorsePower":10.1,"TaxHorsePowerUnit":"HP","CurbWeight":1530,"CurbWeightUnit":"kg","PayLoad":"kg","PayLoadUnit":485,"FactoryPrice":57070,"FirstRegistration":null,"ModelNumber":"1AC462","ProductionPeriod":"01\/2009 - 12\/2011","MarketSegment":"Untere Mk"}]}