{"success":true,"data":[{"Brand":"AUDI","VehicleType":"Personenwagen","Model":"A1\/S1 Modell 2015-","Type":"A1 1.0 TFSI","NationalVehicleCode":102201143,"InternationalVehicleCode":"10011040381","ManufacturerCode":"8XKAS4","BodyType":"Lim","BodyTypeEx":"Limousine","DoorsNumber":3,"WheelDrive":"Vorderrad","NumberOfGears":5,"GearBox":"Manuell","Fuel":"Benzin","Layout":"R","PowerKw":70,"PowerHp":95,"Displacement":999,"DisplacementUnit":"ccm","CylindersNumber":3,"ValvesPerCylinder":4,"RoundedDisplacement":null,"SeatsNumber":4,"TotalWeight":1485,"TotalWeightUnit":"kg","Wheelbase":2457,"WheelbaseUnit":"mm","Wheelbase2":0,"Wheelbase2Unit":"mm","ManufacturerProductID":"8XKAS5","TaxHorsePower":5.09,"TaxHorsePowerUnit":"HP","CurbWeight":1110,"CurbWeightUnit":"kg","PayLoad":"kg","PayLoadUnit":375,"FactoryPrice":22550,"FirstRegistration":null,"ModelNumber":null,"ProductionPeriod":"04\/2015 - 04\/2019","MarketSegment":"Mini"},{"Brand":"AUDI","VehicleType":"Personenwagen","Model":"A1\/S1 Modell 2015-","Type":"A1 1.0 TFSI","NationalVehicleCode":102201144,"InternationalVehicleCode":"10011040384","ManufacturerCode":"8XKASG","BodyType":"Lim","BodyTypeEx":"Limousine","DoorsNumber":3,"WheelDrive":"Vorderrad","NumberOfGears":7,"GearBox":"M-autom.","Fuel":"Benzin","Layout":"R","PowerKw":70,"PowerHp":95,"Displacement":999,"DisplacementUnit":"ccm","CylindersNumber":3,"ValvesPerCylinder":4,"RoundedDisplacement":null,"SeatsNumber":4,"TotalWeight":1515,"TotalWeightUnit":"kg","Wheelbase":2457,"WheelbaseUnit":"mm","Wheelbase2":0,"Wheelbase2Unit":"mm","ManufacturerProductID":"8XKASG","TaxHorsePower":5.09,"TaxHorsePowerUnit":"HP","CurbWeight":1250,"CurbWeightUnit":"kg","PayLoad":"kg","PayLoadUnit":265,"FactoryPrice":24900,"FirstRegistration":null,"ModelNumber":null,"ProductionPeriod":"04\/2015 - 04\/2019","MarketSegment":"Mini"},{"Brand":"AUDI","VehicleType":"Personenwagen","Model":"A1\/S1 Modell 2015-","Type":"A1 1.0 TFSI Sport","NationalVehicleCode":102201145,"InternationalVehicleCode":"10011040385","ManufacturerCode":"8XKBS4","BodyType":"Lim","BodyTypeEx":"Limousine","DoorsNumber":3,"WheelDrive":"Vorderrad","NumberOfGears":5,"GearBox":"Manuell","Fuel":"Benzin","Layout":"R","PowerKw":70,"PowerHp":95,"Displacement":999,"DisplacementUnit":"ccm","CylindersNumber":3,"ValvesPerCylinder":4,"RoundedDisplacement":null,"SeatsNumber":4,"TotalWeight":1485,"TotalWeightUnit":"kg","Wheelbase":2457,"WheelbaseUnit":"mm","Wheelbase2":0,"Wheelbase2Unit":"mm","ManufacturerProductID":"8XKBS4","TaxHorsePower":5.09,"TaxHorsePowerUnit":"HP","CurbWeight":1110,"CurbWeightUnit":"kg","PayLoad":"kg","PayLoadUnit":375,"FactoryPrice":25850,"FirstRegistration":null,"ModelNumber":null,"ProductionPeriod":"04\/2015 - 04\/2019","MarketSegment":"Mini"},{"Brand":"AUDI","VehicleType":"Personenwagen","Model":"A1\/S1 Modell 2015-","Type":"A1 1.0 TFSI Sport","NationalVehicleCode":102201146,"InternationalVehicleCode":"10011040386","ManufacturerCode":"8XKBSG","BodyType":"Lim","BodyTypeEx":"Limousine","DoorsNumber":3,"WheelDrive":"Vorderrad","NumberOfGears":7,"GearBox":"M-autom.","Fuel":"Benzin","Layout":"R","PowerKw":70,"PowerHp":95,"Displacement":999,"DisplacementUnit":"ccm","CylindersNumber":3,"ValvesPerCylinder":4,"RoundedDisplacement":null,"SeatsNumber":4,"TotalWeight":1515,"TotalWeightUnit":"kg","Wheelbase":2457,"WheelbaseUnit":"mm","Wheelbase2":0,"Wheelbase2Unit":"mm","ManufacturerProductID":"8XKBSG","TaxHorsePower":5.09,"TaxHorsePowerUnit":"HP","CurbWeight":1250,"CurbWeightUnit":"kg","PayLoad":"kg","PayLoadUnit":265,"FactoryPrice":28200,"FirstRegistration":null,"ModelNumber":null,"ProductionPeriod":"04\/2015 - 04\/2019","MarketSegment":"Mini"},{"Brand":"AUDI","VehicleType":"Personenwagen","Model":"A1\/S1 Modell 2015-","Type":"A1 1.0 TFSI Design","NationalVehicleCode":102201147,"InternationalVehicleCode":"10011040382","ManufacturerCode":"8XKCS4","BodyType":"Lim","BodyTypeEx":"Limousine","DoorsNumber":3,"WheelDrive":"Vorderrad","NumberOfGears":5,"GearBox":"Manuell","Fuel":"Benzin","Layout":"R","PowerKw":70,"PowerHp":95,"Displacement":999,"DisplacementUnit":"ccm","CylindersNumber":3,"ValvesPerCylinder":4,"RoundedDisplacement":null,"SeatsNumber":4,"TotalWeight":1485,"TotalWeightUnit":"kg","Wheelbase":2457,"WheelbaseUnit":"mm","Wheelbase2":0,"Wheelbase2Unit":"mm","ManufacturerProductID":"8XKCS4","TaxHorsePower":5.09,"TaxHorsePowerUnit":"HP","CurbWeight":1110,"CurbWeightUnit":"kg","PayLoad":"kg","PayLoadUnit":375,"FactoryPrice":25850,"FirstRegistration":null,"ModelNumber":null,"ProductionPeriod":"04\/2015 - 04\/2019","MarketSegment":"Mini"},{"Brand":"AUDI","VehicleType":"Personenwagen","Model":"A1\/S1 Modell 2015-","Type":"A1 1.0 TFSI Design","NationalVehicleCode":102201148,"InternationalVehicleCode":"10011040383","ManufacturerCode":"8XKCSG","BodyType":"Lim","BodyTypeEx":"Limousine","DoorsNumber":3,"WheelDrive":"Vorderrad","NumberOfGears":7,"GearBox":"M-autom.","Fuel":"Benzin","Layout":"R","PowerKw":70,"PowerHp":95,"Displacement":999,"DisplacementUnit":"ccm","CylindersNumber":3,"ValvesPerCylinder":4,"RoundedDisplacement":null,"SeatsNumber":4,"TotalWeight":1515,"TotalWeightUnit":"kg","Wheelbase":2457,"WheelbaseUnit":"mm","Wheelbase2":0,"Wheelbase2Unit":"mm","ManufacturerProductID":"8XKCSG","TaxHorsePower":5.09,"TaxHorsePowerUnit":"HP","CurbWeight":1250,"CurbWeightUnit":"kg","PayLoad":"kg","PayLoadUnit":265,"FactoryPrice":28200,"FirstRegistration":null,"ModelNumber":null,"ProductionPeriod":"04\/2015 - 04\/2019","MarketSegment":"Mini"},{"Brand":"AUDI","VehicleType":"Personenwagen","Model":"A1\/S1 Modell 2015-","Type":"A1 1.4 TFSI","NationalVehicleCode":102201097,"InternationalVehicleCode":"10011040325","ManufacturerCode":"8XKAJC","BodyType":"Lim","BodyTypeEx":"Limousine","DoorsNumber":3,"WheelDrive":"Vorderrad","NumberOfGears":6,"GearBox":"Manuell","Fuel":"Benzin","Layout":"R","PowerKw":92,"PowerHp":125,"Displacement":1395,"DisplacementUnit":"ccm","CylindersNumber":4,"ValvesPerCylinder":4,"RoundedDisplacement":null,"SeatsNumber":4,"TotalWeight":1530,"TotalWeightUnit":"kg","Wheelbase":2457,"WheelbaseUnit":"mm","Wheelbase2":0,"Wheelbase2Unit":"mm","ManufacturerProductID":"8XKAJC","TaxHorsePower":7.1,"TaxHorsePowerUnit":"HP","CurbWeight":1155,"CurbWeightUnit":"kg","PayLoad":"kg","PayLoadUnit":375,"FactoryPrice":26550,"FirstRegistration":null,"ModelNumber":null,"ProductionPeriod":"02\/2015 - 04\/2019","MarketSegment":"Mini"},{"Brand":"AUDI","VehicleType":"Personenwagen","Model":"A1\/S1 Modell 2015-","Type":"A1 1.4 TFSI","NationalVehicleCode":102201098,"InternationalVehicleCode":"10011040326","ManufacturerCode":"8XKAJG","BodyType":"Lim","BodyTypeEx":"Limousine","DoorsNumber":3,"WheelDrive":"Vorderrad","NumberOfGears":7,"GearBox":"M-autom.","Fuel":"Benzin","Layout":"R","PowerKw":92,"PowerHp":125,"Displacement":1395,"DisplacementUnit":"ccm","CylindersNumber":4,"ValvesPerCylinder":4,"RoundedDisplacement":null,"SeatsNumber":4,"TotalWeight":1565,"TotalWeightUnit":"kg","Wheelbase":2457,"WheelbaseUnit":"mm","Wheelbase2":0,"Wheelbase2Unit":"mm","ManufacturerProductID":"8XKAJG","TaxHorsePower":7.1,"TaxHorsePowerUnit":"HP","CurbWeight":1305,"CurbWeightUnit":"kg","PayLoad":"kg","PayLoadUnit":260,"FactoryPrice":28900,"FirstRegistration":null,"ModelNumber":null,"ProductionPeriod":"02\/2015 - 04\/2019","MarketSegment":"Mini"},{"Brand":"AUDI","VehicleType":"Personenwagen","Model":"A1\/S1 Modell 2015-","Type":"A1 1.4 TFSI Sport","NationalVehicleCode":102201107,"InternationalVehicleCode":"10011040339","ManufacturerCode":"8XKBJC","BodyType":"Lim","BodyTypeEx":"Limousine","DoorsNumber":3,"WheelDrive":"Vorderrad","NumberOfGears":6,"GearBox":"Manuell","Fuel":"Benzin","Layout":"R","PowerKw":92,"PowerHp":125,"Displacement":1395,"DisplacementUnit":"ccm","CylindersNumber":4,"ValvesPerCylinder":4,"RoundedDisplacement":null,"SeatsNumber":4,"TotalWeight":1530,"TotalWeightUnit":"kg","Wheelbase":2457,"WheelbaseUnit":"mm","Wheelbase2":0,"Wheelbase2Unit":"mm","ManufacturerProductID":"8XKBJC","TaxHorsePower":7.1,"TaxHorsePowerUnit":"HP","CurbWeight":1155,"CurbWeightUnit":"kg","PayLoad":"kg","PayLoadUnit":375,"FactoryPrice":29850,"FirstRegistration":null,"ModelNumber":null,"ProductionPeriod":"02\/2015 - 04\/2019","MarketSegment":"Mini"},{"Brand":"AUDI","VehicleType":"Personenwagen","Model":"A1\/S1 Modell 2015-","Type":"A1 1.4 TFSI Sport","NationalVehicleCode":102201108,"InternationalVehicleCode":"10011040340","ManufacturerCode":"8XKBJG","BodyType":"Lim","BodyTypeEx":"Limousine","DoorsNumber":3,"WheelDrive":"Vorderrad","NumberOfGears":7,"GearBox":"M-autom.","Fuel":"Benzin","Layout":"R","PowerKw":92,"PowerHp":125,"Displacement":1395,"DisplacementUnit":"ccm","CylindersNumber":4,"ValvesPerCylinder":4,"RoundedDisplacement":null,"SeatsNumber":4,"TotalWeight":1565,"TotalWeightUnit":"kg","Wheelbase":2457,"WheelbaseUnit":"mm","Wheelbase2":0,"Wheelbase2Unit":"mm","ManufacturerProductID":"8XKBJG","TaxHorsePower":7.1,"TaxHorsePowerUnit":"HP","CurbWeight":1305,"CurbWeightUnit":"kg","PayLoad":"kg","PayLoadUnit":260,"FactoryPrice":32200,"FirstRegistration":null,"ModelNumber":null,"ProductionPeriod":"02\/2015 - 04\/2019","MarketSegment":"Mini"},{"Brand":"AUDI","VehicleType":"Personenwagen","Model":"A1\/S1 Modell 2015-","Type":"A1 1.4 TFSI Design","NationalVehicleCode":102201111,"InternationalVehicleCode":"10011040333","ManufacturerCode":"8XKCJC","BodyType":"Lim","BodyTypeEx":"Limousine","DoorsNumber":3,"WheelDrive":"Vorderrad","NumberOfGears":6,"GearBox":"Manuell","Fuel":"Benzin","Layout":"R","PowerKw":92,"PowerHp":125,"Displacement":1395,"DisplacementUnit":"ccm","CylindersNumber":4,"ValvesPerCylinder":4,"RoundedDisplacement":null,"SeatsNumber":4,"TotalWeight":1530,"TotalWeightUnit":"kg","Wheelbase":2457,"WheelbaseUnit":"mm","Wheelbase2":0,"Wheelbase2Unit":"mm","ManufacturerProductID":"8XKCJC","TaxHorsePower":7.1,"TaxHorsePowerUnit":"HP","CurbWeight":1155,"CurbWeightUnit":"kg","PayLoad":"kg","PayLoadUnit":375,"FactoryPrice":29850,"FirstRegistration":null,"ModelNumber":null,"ProductionPeriod":"02\/2015 - 04\/2019","MarketSegment":"Mini"},{"Brand":"AUDI","VehicleType":"Personenwagen","Model":"A1\/S1 Modell 2015-","Type":"A1 1.4 TFSI Design","NationalVehicleCode":102201112,"InternationalVehicleCode":"10011040327","ManufacturerCode":"8XKCJG","BodyType":"Lim","BodyTypeEx":"Limousine","DoorsNumber":3,"WheelDrive":"Vorderrad","NumberOfGears":7,"GearBox":"M-autom.","Fuel":"Benzin","Layout":"R","PowerKw":92,"PowerHp":125,"Displacement":1395,"DisplacementUnit":"ccm","CylindersNumber":4,"ValvesPerCylinder":4,"RoundedDisplacement":null,"SeatsNumber":4,"TotalWeight":1565,"TotalWeightUnit":"kg","Wheelbase":2457,"WheelbaseUnit":"mm","Wheelbase2":0,"Wheelbase2Unit":"mm","ManufacturerProductID":"8XKCJG","TaxHorsePower":7.1,"TaxHorsePowerUnit":"HP","CurbWeight":1305,"CurbWeightUnit":"kg","PayLoad":"kg","PayLoadUnit":260,"FactoryPrice":32200,"FirstRegistration":null,"ModelNumber":null,"ProductionPeriod":"02\/2015 - 04\/2019","MarketSegment":"Mini"},{"Brand":"AUDI","VehicleType":"Personenwagen","Model":"A1\/S1 Modell 2015-","Type":"A1 1.8 TFSI Sport","NationalVehicleCode":102201105,"InternationalVehicleCode":"10011040338","ManufacturerCode":"8XKBLG","BodyType":"Lim","BodyTypeEx":"Limousine","DoorsNumber":3,"WheelDrive":"Vorderrad","NumberOfGears":7,"GearBox":"M-autom.","Fuel":"Benzin","Layout":"R","PowerKw":141,"PowerHp":192,"Displacement":1798,"DisplacementUnit":"ccm","CylindersNumber":4,"ValvesPerCylinder":4,"RoundedDisplacement":null,"SeatsNumber":4,"TotalWeight":1630,"TotalWeightUnit":"kg","Wheelbase":2457,"WheelbaseUnit":"mm","Wheelbase2":0,"Wheelbase2Unit":"mm","ManufacturerProductID":"8XKBLG","TaxHorsePower":9.16,"TaxHorsePowerUnit":"HP","CurbWeight":1345,"CurbWeightUnit":"kg","PayLoad":"kg","PayLoadUnit":285,"FactoryPrice":36750,"FirstRegistration":null,"ModelNumber":null,"ProductionPeriod":"04\/2015 - 04\/2019","MarketSegment":"Mini"},{"Brand":"AUDI","VehicleType":"Personenwagen","Model":"A1\/S1 Modell 2015-","Type":"S1 2.0 TFSI Sport","NationalVehicleCode":102201086,"InternationalVehicleCode":"10011040301","ManufacturerCode":"8XKSF9","BodyType":"Lim","BodyTypeEx":"Limousine","DoorsNumber":3,"WheelDrive":"4WD perm","NumberOfGears":6,"GearBox":"Manuell","Fuel":"Benzin","Layout":"R","PowerKw":170,"PowerHp":230,"Displacement":1984,"DisplacementUnit":"ccm","CylindersNumber":4,"ValvesPerCylinder":4,"RoundedDisplacement":null,"SeatsNumber":4,"TotalWeight":1765,"TotalWeightUnit":"kg","Wheelbase":2457,"WheelbaseUnit":"mm","Wheelbase2":0,"Wheelbase2Unit":"mm","ManufacturerProductID":"8XKSF9","TaxHorsePower":10.1,"TaxHorsePowerUnit":"HP","CurbWeight":1460,"CurbWeightUnit":"kg","PayLoad":"kg","PayLoadUnit":305,"FactoryPrice":39950,"FirstRegistration":null,"ModelNumber":null,"ProductionPeriod":"04\/2015 - 04\/2019","MarketSegment":"Mini"},{"Brand":"AUDI","VehicleType":"Personenwagen","Model":"A1\/S1 Modell 2015-","Type":"A1 1.4 TDI","NationalVehicleCode":102201080,"InternationalVehicleCode":"10011040368","ManufacturerCode":"8XKAR4","BodyType":"Lim","BodyTypeEx":"Limousine","DoorsNumber":3,"WheelDrive":"Vorderrad","NumberOfGears":5,"GearBox":"Manuell","Fuel":"Diesel","Layout":"R","PowerKw":66,"PowerHp":90,"Displacement":1422,"DisplacementUnit":"ccm","CylindersNumber":3,"ValvesPerCylinder":0,"RoundedDisplacement":null,"SeatsNumber":4,"TotalWeight":1540,"TotalWeightUnit":"kg","Wheelbase":2457,"WheelbaseUnit":"mm","Wheelbase2":0,"Wheelbase2Unit":"mm","ManufacturerProductID":"8XKAR4","TaxHorsePower":7.24,"TaxHorsePowerUnit":"HP","CurbWeight":1165,"CurbWeightUnit":"kg","PayLoad":"kg","PayLoadUnit":375,"FactoryPrice":25550,"FirstRegistration":null,"ModelNumber":null,"ProductionPeriod":"04\/2015 - 04\/2019","MarketSegment":"Mini"},{"Brand":"AUDI","VehicleType":"Personenwagen","Model":"A1\/S1 Modell 2015-","Type":"A1 1.4 TDI","NationalVehicleCode":102201082,"InternationalVehicleCode":"10011040373","ManufacturerCode":"8XKARG","BodyType":"Lim","BodyTypeEx":"Limousine","DoorsNumber":3,"WheelDrive":"Vorderrad","NumberOfGears":7,"GearBox":"M-autom.","Fuel":"Diesel","Layout":"R","PowerKw":66,"PowerHp":90,"Displacement":1422,"DisplacementUnit":"ccm","CylindersNumber":3,"ValvesPerCylinder":0,"RoundedDisplacement":null,"SeatsNumber":4,"TotalWeight":1570,"TotalWeightUnit":"kg","Wheelbase":2457,"WheelbaseUnit":"mm","Wheelbase2":0,"Wheelbase2Unit":"mm","ManufacturerProductID":"8XKARG","TaxHorsePower":7.24,"TaxHorsePowerUnit":"HP","CurbWeight":1305,"CurbWeightUnit":"kg","PayLoad":"kg","PayLoadUnit":265,"FactoryPrice":27900,"FirstRegistration":null,"ModelNumber":null,"ProductionPeriod":"04\/2015 - 04\/2019","MarketSegment":"Mini"},{"Brand":"AUDI","VehicleType":"Personenwagen","Model":"A1\/S1 Modell 2015-","Type":"A1 1.4 TDI Sport","NationalVehicleCode":102201121,"InternationalVehicleCode":"10011040374","ManufacturerCode":"8XKBR4","BodyType":"Lim","BodyTypeEx":"Limousine","DoorsNumber":3,"WheelDrive":"Vorderrad","NumberOfGears":5,"GearBox":"Manuell","Fuel":"Diesel","Layout":"R","PowerKw":66,"PowerHp":90,"Displacement":1422,"DisplacementUnit":"ccm","CylindersNumber":3,"ValvesPerCylinder":0,"RoundedDisplacement":null,"SeatsNumber":4,"TotalWeight":1540,"TotalWeightUnit":"kg","Wheelbase":2457,"WheelbaseUnit":"mm","Wheelbase2":0,"Wheelbase2Unit":"mm","ManufacturerProductID":"8XKBR4","TaxHorsePower":7.24,"TaxHorsePowerUnit":"HP","CurbWeight":1165,"CurbWeightUnit":"kg","PayLoad":"kg","PayLoadUnit":375,"FactoryPrice":28850,"FirstRegistration":null,"ModelNumber":null,"ProductionPeriod":"04\/2015 - 04\/2019","MarketSegment":"Mini"},{"Brand":"AUDI","VehicleType":"Personenwagen","Model":"A1\/S1 Modell 2015-","Type":"A1 1.4 TDI Sport","NationalVehicleCode":102201122,"InternationalVehicleCode":"10011040375","ManufacturerCode":"8XKBRG","BodyType":"Lim","BodyTypeEx":"Limousine","DoorsNumber":3,"WheelDrive":"Vorderrad","NumberOfGears":7,"GearBox":"M-autom.","Fuel":"Diesel","Layout":"R","PowerKw":66,"PowerHp":90,"Displacement":1422,"DisplacementUnit":"ccm","CylindersNumber":3,"ValvesPerCylinder":0,"RoundedDisplacement":null,"SeatsNumber":4,"TotalWeight":1570,"TotalWeightUnit":"kg","Wheelbase":2457,"WheelbaseUnit":"mm","Wheelbase2":0,"Wheelbase2Unit":"mm","ManufacturerProductID":"8XKBRG","TaxHorsePower":7.24,"TaxHorsePowerUnit":"HP","CurbWeight":1305,"CurbWeightUnit":"kg","PayLoad":"kg","PayLoadUnit":265,"FactoryPrice":31200,"FirstRegistration":null,"ModelNumber":null,"ProductionPeriod":"04\/2015 - 04\/2019","MarketSegment":"Mini"},{"Brand":"AUDI","VehicleType":"Personenwagen","Model":"A1\/S1 Modell 2015-","Type":"A1 1.4 TDI Design","NationalVehicleCode":102201123,"InternationalVehicleCode":"10011040369","ManufacturerCode":"8XKCR4","BodyType":"Lim","BodyTypeEx":"Limousine","DoorsNumber":3,"WheelDrive":"Vorderrad","NumberOfGears":5,"GearBox":"Manuell","Fuel":"Diesel","Layout":"R","PowerKw":66,"PowerHp":90,"Displacement":1422,"DisplacementUnit":"ccm","CylindersNumber":3,"ValvesPerCylinder":0,"RoundedDisplacement":null,"SeatsNumber":4,"TotalWeight":1540,"TotalWeightUnit":"kg","Wheelbase":2457,"WheelbaseUnit":"mm","Wheelbase2":0,"Wheelbase2Unit":"mm","ManufacturerProductID":"8XKCR4","TaxHorsePower":7.24,"TaxHorsePowerUnit":"HP","CurbWeight":1165,"CurbWeightUnit":"kg","PayLoad":"kg","PayLoadUnit":375,"FactoryPrice":28850,"FirstRegistration":null,"ModelNumber":null,"ProductionPeriod":"04\/2015 - 04\/2019","MarketSegment":"Mini"},{"Brand":"AUDI","VehicleType":"Personenwagen","Model":"A1\/S1 Modell 2015-","Type":"A1 1.4 TDI Design","NationalVehicleCode":102201124,"InternationalVehicleCode":"10011040370","ManufacturerCode":"8XKCRG","BodyType":"Lim","BodyTypeEx":"Limousine","DoorsNumber":3,"WheelDrive":"Vorderrad","NumberOfGears":7,"GearBox":"M-autom.","Fuel":"Diesel","Layout":"R","PowerKw":66,"PowerHp":90,"Displacement":1422,"DisplacementUnit":"ccm","CylindersNumber":3,"ValvesPerCylinder":0,"RoundedDisplacement":null,"SeatsNumber":4,"TotalWeight":1570,"TotalWeightUnit":"kg","Wheelbase":2457,"WheelbaseUnit":"mm","Wheelbase2":0,"Wheelbase2Unit":"mm","ManufacturerProductID":"8XKCRG","TaxHorsePower":7.24,"TaxHorsePowerUnit":"HP","CurbWeight":1305,"CurbWeightUnit":"kg","PayLoad":"kg","PayLoadUnit":265,"FactoryPrice":31200,"FirstRegistration":null,"ModelNumber":null,"ProductionPeriod":"04\/2015 - 04\/2019","MarketSegment":"Mini"},{"Brand":"AUDI","VehicleType":"Personenwagen","Model":"A1\/S1 Modell 2015-","Type":"A1 1.6 TDI","NationalVehicleCode":102201091,"InternationalVehicleCode":"10011040334","ManufacturerCode":"8XKA14","BodyType":"Lim","BodyTypeEx":"Limousine","DoorsNumber":3,"WheelDrive":"Vorderrad","NumberOfGears":5,"GearBox":"Manuell","Fuel":"Diesel","Layout":"R","PowerKw":85,"PowerHp":116,"Displacement":1598,"DisplacementUnit":"ccm","CylindersNumber":4,"ValvesPerCylinder":4,"RoundedDisplacement":null,"SeatsNumber":4,"TotalWeight":1600,"TotalWeightUnit":"kg","Wheelbase":2457,"WheelbaseUnit":"mm","Wheelbase2":0,"Wheelbase2Unit":"mm","ManufacturerProductID":"8XKA14","TaxHorsePower":8.14,"TaxHorsePowerUnit":"HP","CurbWeight":1225,"CurbWeightUnit":"kg","PayLoad":"kg","PayLoadUnit":375,"FactoryPrice":27100,"FirstRegistration":null,"ModelNumber":null,"ProductionPeriod":"04\/2015 - 04\/2019","MarketSegment":"Mini"},{"Brand":"AUDI","VehicleType":"Personenwagen","Model":"A1\/S1 Modell 2015-","Type":"A1 1.6 TDI","NationalVehicleCode":102201094,"InternationalVehicleCode":"10011040335","ManufacturerCode":"8XKA1G","BodyType":"Lim","BodyTypeEx":"Limousine","DoorsNumber":3,"WheelDrive":"Vorderrad","NumberOfGears":7,"GearBox":"M-autom.","Fuel":"Diesel","Layout":"R","PowerKw":85,"PowerHp":116,"Displacement":1598,"DisplacementUnit":"ccm","CylindersNumber":4,"ValvesPerCylinder":4,"RoundedDisplacement":null,"SeatsNumber":4,"TotalWeight":1625,"TotalWeightUnit":"kg","Wheelbase":2457,"WheelbaseUnit":"mm","Wheelbase2":0,"Wheelbase2Unit":"mm","ManufacturerProductID":"8XKA1G","TaxHorsePower":8.14,"TaxHorsePowerUnit":"HP","CurbWeight":1360,"CurbWeightUnit":"kg","PayLoad":"kg","PayLoadUnit":265,"FactoryPrice":29450,"FirstRegistration":null,"ModelNumber":null,"ProductionPeriod":"04\/2015 - 04\/2019","MarketSegment":"Mini"},{"Brand":"AUDI","VehicleType":"Personenwagen","Model":"A1\/S1 Modell 2015-","Type":"A1 1.4 TFSI","NationalVehicleCode":102201101,"InternationalVehicleCode":"10011040311","ManufacturerCode":"8XKAKC","BodyType":"Lim","BodyTypeEx":"Limousine","DoorsNumber":3,"WheelDrive":"Vorderrad","NumberOfGears":6,"GearBox":"Manuell","Fuel":"Benzin","Layout":"R","PowerKw":110,"PowerHp":150,"Displacement":1395,"DisplacementUnit":"ccm","CylindersNumber":4,"ValvesPerCylinder":4,"RoundedDisplacement":null,"SeatsNumber":4,"TotalWeight":1570,"TotalWeightUnit":"kg","Wheelbase":2457,"WheelbaseUnit":"mm","Wheelbase2":0,"Wheelbase2Unit":"mm","ManufacturerProductID":"8XKAKC","TaxHorsePower":7.1,"TaxHorsePowerUnit":"HP","CurbWeight":1195,"CurbWeightUnit":"kg","PayLoad":"kg","PayLoadUnit":375,"FactoryPrice":27100,"FirstRegistration":null,"ModelNumber":null,"ProductionPeriod":"02\/2015 - 03\/2018","MarketSegment":"Mini"},{"Brand":"AUDI","VehicleType":"Personenwagen","Model":"A1\/S1 Modell 2015-","Type":"A1 1.4 TFSI","NationalVehicleCode":102201102,"InternationalVehicleCode":"10011040329","ManufacturerCode":"8XKAKG","BodyType":"Lim","BodyTypeEx":"Limousine","DoorsNumber":3,"WheelDrive":"Vorderrad","NumberOfGears":7,"GearBox":"M-autom.","Fuel":"Benzin","Layout":"R","PowerKw":110,"PowerHp":150,"Displacement":1395,"DisplacementUnit":"ccm","CylindersNumber":4,"ValvesPerCylinder":4,"RoundedDisplacement":null,"SeatsNumber":4,"TotalWeight":1580,"TotalWeightUnit":"kg","Wheelbase":2457,"WheelbaseUnit":"mm","Wheelbase2":0,"Wheelbase2Unit":"mm","ManufacturerProductID":"8XKAKG","TaxHorsePower":7.1,"TaxHorsePowerUnit":"HP","CurbWeight":1305,"CurbWeightUnit":"kg","PayLoad":"kg","PayLoadUnit":275,"FactoryPrice":29450,"FirstRegistration":null,"ModelNumber":null,"ProductionPeriod":"02\/2015 - 03\/2018","MarketSegment":"Mini"},{"Brand":"AUDI","VehicleType":"Personenwagen","Model":"A1\/S1 Modell 2015-","Type":"A1 1.4 TFSI Sport","NationalVehicleCode":102201109,"InternationalVehicleCode":"10011040332","ManufacturerCode":"8XKBKC","BodyType":"Lim","BodyTypeEx":"Limousine","DoorsNumber":3,"WheelDrive":"Vorderrad","NumberOfGears":6,"GearBox":"Manuell","Fuel":"Benzin","Layout":"R","PowerKw":110,"PowerHp":150,"Displacement":1395,"DisplacementUnit":"ccm","CylindersNumber":4,"ValvesPerCylinder":4,"RoundedDisplacement":null,"SeatsNumber":4,"TotalWeight":1570,"TotalWeightUnit":"kg","Wheelbase":2457,"WheelbaseUnit":"mm","Wheelbase2":0,"Wheelbase2Unit":"mm","ManufacturerProductID":"8XKBKC","TaxHorsePower":7.1,"TaxHorsePowerUnit":"HP","CurbWeight":1195,"CurbWeightUnit":"kg","PayLoad":"kg","PayLoadUnit":375,"FactoryPrice":30400,"FirstRegistration":null,"ModelNumber":null,"ProductionPeriod":"02\/2015 - 03\/2018","MarketSegment":"Mini"},{"Brand":"AUDI","VehicleType":"Personenwagen","Model":"A1\/S1 Modell 2015-","Type":"A1 1.4 TFSI Sport","NationalVehicleCode":102201110,"InternationalVehicleCode":"10011040312","ManufacturerCode":"8XKBKG","BodyType":"Lim","BodyTypeEx":"Limousine","DoorsNumber":3,"WheelDrive":"Vorderrad","NumberOfGears":7,"GearBox":"M-autom.","Fuel":"Benzin","Layout":"R","PowerKw":110,"PowerHp":150,"Displacement":1395,"DisplacementUnit":"ccm","CylindersNumber":4,"ValvesPerCylinder":4,"RoundedDisplacement":null,"SeatsNumber":4,"TotalWeight":1580,"TotalWeightUnit":"kg","Wheelbase":2457,"WheelbaseUnit":"mm","Wheelbase2":0,"Wheelbase2Unit":"mm","ManufacturerProductID":"8XKBKG","TaxHorsePower":7.1,"TaxHorsePowerUnit":"HP","CurbWeight":1305,"CurbWeightUnit":"kg","PayLoad":"kg","PayLoadUnit":275,"FactoryPrice":32750,"FirstRegistration":null,"ModelNumber":null,"ProductionPeriod":"02\/2015 - 03\/2018","MarketSegment":"Mini"},{"Brand":"AUDI","VehicleType":"Personenwagen","Model":"A1\/S1 Modell 2015-","Type":"A1 1.4 TFSI Design","NationalVehicleCode":102201113,"InternationalVehicleCode":"10011040331","ManufacturerCode":"8XKCKC","BodyType":"Lim","BodyTypeEx":"Limousine","DoorsNumber":3,"WheelDrive":"Vorderrad","NumberOfGears":6,"GearBox":"Manuell","Fuel":"Benzin","Layout":"R","PowerKw":110,"PowerHp":150,"Displacement":1395,"DisplacementUnit":"ccm","CylindersNumber":4,"ValvesPerCylinder":4,"RoundedDisplacement":null,"SeatsNumber":4,"TotalWeight":1570,"TotalWeightUnit":"kg","Wheelbase":2457,"WheelbaseUnit":"mm","Wheelbase2":0,"Wheelbase2Unit":"mm","ManufacturerProductID":"8XKCKC","TaxHorsePower":7.1,"TaxHorsePowerUnit":"HP","CurbWeight":1195,"CurbWeightUnit":"kg","PayLoad":"kg","PayLoadUnit":375,"FactoryPrice":30400,"FirstRegistration":null,"ModelNumber":null,"ProductionPeriod":"02\/2015 - 03\/2018","MarketSegment":"Mini"},{"Brand":"AUDI","VehicleType":"Personenwagen","Model":"A1\/S1 Modell 2015-","Type":"A1 1.4 TFSI Design","NationalVehicleCode":102201114,"InternationalVehicleCode":"10011040330","ManufacturerCode":"8XKCKG","BodyType":"Lim","BodyTypeEx":"Limousine","DoorsNumber":3,"WheelDrive":"Vorderrad","NumberOfGears":7,"GearBox":"M-autom.","Fuel":"Benzin","Layout":"R","PowerKw":110,"PowerHp":150,"Displacement":1395,"DisplacementUnit":"ccm","CylindersNumber":4,"ValvesPerCylinder":4,"RoundedDisplacement":null,"SeatsNumber":4,"TotalWeight":1580,"TotalWeightUnit":"kg","Wheelbase":2457,"WheelbaseUnit":"mm","Wheelbase2":0,"Wheelbase2Unit":"mm","ManufacturerProductID":"8XKCKG","TaxHorsePower":7.1,"TaxHorsePowerUnit":"HP","CurbWeight":1305,"CurbWeightUnit":"kg","PayLoad":"kg","PayLoadUnit":275,"FactoryPrice":32750,"FirstRegistration":null,"ModelNumber":null,"ProductionPeriod":"02\/2015 - 03\/2018","MarketSegment":"Mini"},{"Brand":"AUDI","VehicleType":"Personenwagen","Model":"A1\/S1 Modell 2015-","Type":"A1 1.6 TDI Sport","NationalVehicleCode":102201125,"InternationalVehicleCode":"10011040315","ManufacturerCode":"8XKB14","BodyType":"Lim","BodyTypeEx":"Limousine","DoorsNumber":3,"WheelDrive":"Vorderrad","NumberOfGears":5,"GearBox":"Manuell","Fuel":"Diesel","Layout":"R","PowerKw":85,"PowerHp":116,"Displacement":1598,"DisplacementUnit":"ccm","CylindersNumber":4,"ValvesPerCylinder":4,"RoundedDisplacement":null,"SeatsNumber":4,"TotalWeight":1600,"TotalWeightUnit":"kg","Wheelbase":2457,"WheelbaseUnit":"mm","Wheelbase2":0,"Wheelbase2Unit":"mm","ManufacturerProductID":"8XKB14","TaxHorsePower":8.14,"TaxHorsePowerUnit":"HP","CurbWeight":1225,"CurbWeightUnit":"kg","PayLoad":"kg","PayLoadUnit":375,"FactoryPrice":30400,"FirstRegistration":null,"ModelNumber":null,"ProductionPeriod":"04\/2015 - 04\/2019","MarketSegment":"Mini"},{"Brand":"AUDI","VehicleType":"Personenwagen","Model":"A1\/S1 Modell 2015-","Type":"A1 1.6 TDI Sport","NationalVehicleCode":102201126,"InternationalVehicleCode":"10011040317","ManufacturerCode":"8XKB1G","BodyType":"Lim","BodyTypeEx":"Limousine","DoorsNumber":3,"WheelDrive":"Vorderrad","NumberOfGears":7,"GearBox":"M-autom.","Fuel":"Diesel","Layout":"R","PowerKw":85,"PowerHp":116,"Displacement":1598,"DisplacementUnit":"ccm","CylindersNumber":4,"ValvesPerCylinder":4,"RoundedDisplacement":null,"SeatsNumber":4,"TotalWeight":1625,"TotalWeightUnit":"kg","Wheelbase":2457,"WheelbaseUnit":"mm","Wheelbase2":0,"Wheelbase2Unit":"mm","ManufacturerProductID":"8XKB1G","TaxHorsePower":8.14,"TaxHorsePowerUnit":"HP","CurbWeight":1360,"CurbWeightUnit":"kg","PayLoad":"kg","PayLoadUnit":265,"FactoryPrice":32750,"FirstRegistration":null,"ModelNumber":null,"ProductionPeriod":"04\/2015 - 04\/2019","MarketSegment":"Mini"},{"Brand":"AUDI","VehicleType":"Personenwagen","Model":"A1\/S1 Modell 2015-","Type":"A1 1.6 TDI Design","NationalVehicleCode":102201127,"InternationalVehicleCode":"10011040337","ManufacturerCode":"8XKC14","BodyType":"Lim","BodyTypeEx":"Limousine","DoorsNumber":3,"WheelDrive":"Vorderrad","NumberOfGears":5,"GearBox":"Manuell","Fuel":"Diesel","Layout":"R","PowerKw":85,"PowerHp":116,"Displacement":1598,"DisplacementUnit":"ccm","CylindersNumber":4,"ValvesPerCylinder":4,"RoundedDisplacement":null,"SeatsNumber":4,"TotalWeight":1600,"TotalWeightUnit":"kg","Wheelbase":2457,"WheelbaseUnit":"mm","Wheelbase2":0,"Wheelbase2Unit":"mm","ManufacturerProductID":"8XKC14","TaxHorsePower":8.14,"TaxHorsePowerUnit":"HP","CurbWeight":1225,"CurbWeightUnit":"kg","PayLoad":"kg","PayLoadUnit":375,"FactoryPrice":30400,"FirstRegistration":null,"ModelNumber":null,"ProductionPeriod":"04\/2015 - 04\/2019","MarketSegment":"Mini"},{"Brand":"AUDI","VehicleType":"Personenwagen","Model":"A1\/S1 Modell 2015-","Type":"A1 1.6 TDI Design","NationalVehicleCode":102201128,"InternationalVehicleCode":"10011040336","ManufacturerCode":"8XKC1G","BodyType":"Lim","BodyTypeEx":"Limousine","DoorsNumber":3,"WheelDrive":"Vorderrad","NumberOfGears":7,"GearBox":"M-autom.","Fuel":"Diesel","Layout":"R","PowerKw":85,"PowerHp":116,"Displacement":1598,"DisplacementUnit":"ccm","CylindersNumber":4,"ValvesPerCylinder":4,"RoundedDisplacement":null,"SeatsNumber":4,"TotalWeight":1625,"TotalWeightUnit":"kg","Wheelbase":2457,"WheelbaseUnit":"mm","Wheelbase2":0,"Wheelbase2Unit":"mm","ManufacturerProductID":"8XKC1G","TaxHorsePower":8.14,"TaxHorsePowerUnit":"HP","CurbWeight":1360,"CurbWeightUnit":"kg","PayLoad":"kg","PayLoadUnit":265,"FactoryPrice":32750,"FirstRegistration":null,"ModelNumber":null,"ProductionPeriod":"04\/2015 - 04\/2019","MarketSegment":"Mini"}]}